AUC
Model name,Complement Naive Bayes,Logistic regression,Random Forest
MC2.arff.txt (All),0.425,0.621,0.562
MC2.arff.txt (CFS),0.898,0.906,0.785
MW1.arff.txt (CFS),0.328,0.463,0.693
PC1.arff.txt (CFS),0.759,0.846,0.884

F1 Score
Model name,Complement Naive Bayes,Logistic regression,Random Forest
MC2.arff.txt (All),0.178,0.554,0.471
MC2.arff.txt (CFS),0.606,0.772,0.659
MW1.arff.txt (CFS),0.036,0.0,0.1
PC1.arff.txt (CFS),0.176,0.225,0.294

False Positive Rate
Model name,Complement Naive Bayes,Logistic regression,Random Forest
MC2.arff.txt (All),0.374,0.4,0.426
MC2.arff.txt (CFS),0.6,0.276,0.376
MW1.arff.txt (CFS),0.42,0.102,0.03
PC1.arff.txt (CFS),0.36,0.242,0.202

False Negative Rate
Model name,Complement Naive Bayes,Logistic regression,Random Forest
MC2.arff.txt (All),0.768,0.3,0.45
MC2.arff.txt (CFS),0.0,0.0,0.116
MW1.arff.txt (CFS),0.8,1.0,0.8
PC1.arff.txt (CFS),0.248,0.316,0.166
