AUC
Model name,Logistic regression,Multi Layer Perceptron,Random Forest
Zcm1.arff.txt (CFS),0.766,0.609,0.772
Zjm1.arff.txt (CFS),0.629,0.602,0.562
Zkc1.arff.txt (All),0.732,0.728,0.693
Zpc1.arff.txt (CFS),0.846,0.496,0.846

F1 Score
Model name,Logistic regression,Multi Layer Perceptron,Random Forest
Zcm1.arff.txt (CFS),0.273,0.23,0.257
Zjm1.arff.txt (CFS),0.289,0.278,0.259
Zkc1.arff.txt (All),0.237,0.249,0.239
Zpc1.arff.txt (CFS),0.261,0.113,0.344

False Positive Rate
Model name,Logistic regression,Multi Layer Perceptron,Random Forest
Zcm1.arff.txt (CFS),0.258,0.218,0.286
Zjm1.arff.txt (CFS),0.364,0.54,0.65
Zkc1.arff.txt (All),0.202,0.246,0.396
Zpc1.arff.txt (CFS),0.112,0.082,0.114

False Negative Rate
Model name,Logistic regression,Multi Layer Perceptron,Random Forest
Zcm1.arff.txt (CFS),0.35,0.5,0.3
Zjm1.arff.txt (CFS),0.454,0.298,0.256
Zkc1.arff.txt (All),0.572,0.46,0.292
Zpc1.arff.txt (CFS),0.48,0.72,0.32
